<?xml version="1.0" encoding="UTF-8"?>
<!DOCTYPE Foil_Polar>
<Foil_Polar version="1.0">
    <Polar>
        <Polar_Name>T1_Re0.100_M0.00_N9.0</Polar_Name>
        <Foil_Name>NACA 0012</Foil_Name>
        <Type>FIXEDSPEEDPOLAR</Type>
        <Fixed_Reynolds>     100000</Fixed_Reynolds>
        <Fixed_AOA>      0.000</Fixed_AOA>
        <Mach>   0.00</Mach>
        <ReType>1</ReType>
        <MaType>1</MaType>
        <NCrit>    9.0</NCrit>
        <Forced_Top_Transition>   1.00</Forced_Top_Transition>
        <Forced_Bottom_Transition>   1.00</Forced_Bottom_Transition>
    </Polar>
</Foil_Polar>
